timestamp,acc_x,acc_y,acc_z,magn_x,magn_y,magn_z,gyro_x,gyro_y,gyro_z
1701528507.014,19.609,19.609,-19.609,-0.0018000000000000002,0.0036000000000000003,0.0026000000000000003,0.358,0.257,-0.28600000000000003
1701528507.054,19.609,19.609,-19.609,-0.00030000000000000003,0.0026000000000000003,0.0058000000000000005,0.335,0.186,-0.28
1701528507.094,19.609,19.609,-19.609,-0.0018000000000000002,0.0012000000000000001,-0.0036000000000000003,0.385,0.167,-0.337
1701528507.134,19.609,19.609,-19.609,0.0013000000000000002,0.0037,0.033600000000000005,0.256,0.123,-0.277
1701528507.174,19.609,19.609,-19.609,-0.0015,-0.00030000000000000003,-0.010400000000000001,0.184,0.085,-0.213
1701528507.214,19.609,19.609,-19.609,-0.0007,0.0025,-0.0332,-0.007,-0.219,-0.097
1701528507.254,19.609,19.609,-19.609,-0.00030000000000000003,0.0017000000000000001,0.0478,0.082,-0.069,0.015
1701528507.294,19.609,19.609,-19.609,0.0012000000000000001,0.0007,0.0057,-0.009000000000000001,0.043000000000000003,-0.089
1701528507.334,19.609,19.609,-19.609,-0.0004,0.0017000000000000001,-0.007200000000000001,-0.195,-0.056,-0.047
1701528507.374,19.609,19.609,-19.609,0.0,0.001,0.0048000000000000004,-0.246,0.009000000000000001,-0.025
1701528507.414,19.609,19.609,-19.609,-0.0019,0.0009000000000000001,0.0017000000000000001,-0.189,-0.013000000000000001,-0.057
1701528507.454,19.609,19.609,-19.609,-0.0007,0.0036000000000000003,0.0016,-0.033,0.027,-0.108
1701528507.494,19.609,19.609,-19.609,0.0008,0.0013000000000000002,-0.0114,-0.049,0.085,-0.11800000000000001
1701528507.534,19.609,19.609,-19.609,-0.001,0.0034000000000000002,0.0284,0.057,0.073,-0.18
1701528507.574,19.609,19.609,-19.609,0.0,0.0033,-0.015000000000000001,0.083,0.062,-0.17500000000000002
1701528507.6139998,19.609,19.609,-19.609,-0.00030000000000000003,0.0022,0.0038,0.009000000000000001,0.016,-0.07200000000000001
1701528507.654,19.609,19.609,-19.609,0.0023,0.0017000000000000001,-0.0061,0.033,0.007,-0.042
1701528507.694,19.609,19.609,-19.609,0.0014,0.0023,0.0167,0.036000000000000004,-0.006,0.021
1701528507.734,19.609,19.609,-19.609,-0.0033,0.002,0.0036000000000000003,0.075,0.022,-0.036000000000000004
1701528507.774,19.609,19.609,-19.609,-0.0037,0.004200000000000001,-0.0151,0.078,0.017,-0.089
1701528507.814,19.609,19.609,-19.609,0.0001,-0.0007,0.0454,0.083,0.055,-0.09
1701528507.8539999,19.609,19.609,-19.609,0.0015,0.0006000000000000001,-0.0001,0.032,-0.001,-0.078
1701528507.894,19.609,19.609,-19.609,-0.0011,0.0044,-0.0009000000000000001,0.065,0.058,-0.049
1701528507.934,19.609,19.609,-19.609,-0.0004,0.001,-0.01,0.083,0.01,-0.094
1701528507.974,19.609,19.609,-19.609,-0.0021000000000000003,0.002,0.0258,0.057,-0.005,-0.122
1701528508.014,19.609,19.609,-19.609,-0.0017000000000000001,0.0011,-0.030600000000000002,0.062,0.049,-0.128
1701528508.054,19.609,19.609,-19.609,-0.0006000000000000001,0.0002,0.0424,0.007,0.007,-0.078
1701528508.0939999,19.609,19.609,-19.609,-0.003,-0.001,-0.010400000000000001,-0.003,-0.076,0.019
1701528508.134,19.609,19.609,-19.609,0.0007,0.00030000000000000003,0.0037,-0.018000000000000002,-0.024,0.051000000000000004
1701528508.174,19.609,19.609,-19.609,-0.0018000000000000002,0.0016,0.0024000000000000002,-0.03,-0.059000000000000004,0.049
1701528508.214,19.609,19.609,-19.609,-0.0047,0.003,-0.0304,-0.112,-0.096,0.092
1701528508.254,19.609,19.609,-19.609,0.0005,0.0015,0.042100000000000005,-0.194,-0.078,0.098
1701528508.294,19.609,19.609,-19.609,-0.001,0.0011,-0.0109,-0.16,0.019,-0.002
1701528508.3339999,19.609,19.609,-19.609,0.001,0.0006000000000000001,-0.008400000000000001,-0.14300000000000002,-0.003,0.001
1701528508.374,19.609,19.609,-19.609,-0.001,0.0037,-0.0201,-0.177,0.043000000000000003,0.028
1701528508.414,19.609,19.609,-19.609,-0.00030000000000000003,0.0036000000000000003,0.0441,-0.148,0.061,-0.021
1701528508.454,19.609,19.609,-19.609,0.0011,0.0048000000000000004,-0.0004,-0.189,0.044,-0.031
1701528508.494,19.609,19.609,-19.609,-0.0006000000000000001,0.002,0.0017000000000000001,-0.222,0.035,0.008
1701528508.534,19.609,19.609,-19.609,-0.0001,0.0029000000000000002,-0.0363,-0.202,0.053,0.028
1701528508.574,19.609,19.609,-19.609,0.0014,0.0026000000000000003,0.0431,-0.164,0.055,0.083
1701528508.614,19.609,19.609,-19.609,-0.0011,0.00030000000000000003,-0.005,-0.123,0.032,0.039
1701528508.654,19.609,19.609,-19.609,-0.0025,0.0032,-0.022500000000000003,-0.136,0.063,0.04
1701528508.694,19.609,19.609,-19.609,0.0016,0.0,0.0137,-0.169,0.07100000000000001,0.022
1701528508.734,19.609,19.609,-19.609,-0.0006000000000000001,0.0021000000000000003,0.0046,-0.089,0.074,-0.028
1701528508.774,19.609,19.609,-19.609,-0.002,0.001,0.0089,-0.11900000000000001,0.065,-0.001
1701528508.814,19.609,19.609,-19.609,0.0,0.0019,0.0056,-0.16,0.064,0.06
1701528508.854,19.609,19.609,-19.609,-0.0002,0.0017000000000000001,-0.0167,-0.107,-0.023,0.069
1701528508.894,19.609,19.609,-19.609,-0.0013000000000000002,0.0014,0.0058000000000000005,-0.125,0.023,0.073
1701528508.934,19.609,19.609,-19.609,0.0001,0.0028,-0.0092,-0.157,0.07100000000000001,0.035
1701528508.974,19.609,19.609,-19.609,-0.0002,0.0025,0.0234,-0.092,0.046,-0.007
1701528509.014,19.609,19.609,-19.609,0.0002,0.0009000000000000001,-0.0074,-0.192,0.024,0.177
1701528509.054,19.609,19.609,-19.609,0.0014,0.0043,-0.0108,-0.157,0.023,0.158
1701528509.094,19.609,19.609,-19.609,-0.0001,0.0017000000000000001,0.020900000000000002,-0.136,-0.036000000000000004,0.114
1701528509.134,19.609,19.609,-19.609,-0.0007,0.0026000000000000003,-0.006500000000000001,-0.044,-0.039,0.05
1701528509.174,19.609,19.609,-19.609,0.0,0.0037,-0.0078000000000000005,-0.069,0.07,0.045
1701528509.214,19.609,19.609,-19.609,0.0007,0.0022,-0.006500000000000001,-0.116,0.098,0.022
1701528509.254,19.609,19.609,-19.609,0.0007,0.0018000000000000002,0.0024000000000000002,-0.18,0.044,0.058
1701528509.294,19.609,19.609,-19.609,-0.002,0.004200000000000001,-0.0189,-0.137,0.024,0.028
1701528509.334,19.609,19.609,-19.609,-0.0001,0.0037,0.0244,-0.107,-0.032,-0.007
1701528509.374,19.609,19.609,-19.609,0.0005,0.0024000000000000002,-0.0028,-0.098,-0.009000000000000001,0.037
1701528509.414,19.609,19.609,-19.609,0.0034000000000000002,0.0006000000000000001,-0.0035,-0.14300000000000002,0.101,0.012
1701528509.454,19.609,19.609,-19.609,0.0018000000000000002,0.0016,-0.0092,-0.242,0.14,0.08
1701528509.494,19.609,19.609,-19.609,-0.0018000000000000002,0.0,-0.0325,-0.377,0.233,0.123
1701528509.534,19.609,19.609,-19.609,-0.0002,0.0038,-0.0247,-0.532,0.264,0.112
1701528509.574,19.609,19.609,-19.609,0.0,0.0043,-0.0165,-0.549,0.34400000000000003,0.182
1701528509.6139998,19.609,19.609,-19.609,-0.0031000000000000003,0.0023,0.0328,-0.562,0.384,0.223
1701528509.654,19.609,19.609,-19.609,0.0004,0.0039000000000000003,-0.0142,-0.509,0.325,0.213
1701528509.694,19.609,19.609,-19.609,-0.0007,0.0031000000000000003,0.0051,-0.305,0.095,0.22
1701528509.734,19.609,19.609,-19.609,0.0012000000000000001,0.0023,-0.0155,-0.214,-0.22,0.303
1701528509.774,19.609,19.609,-19.609,-0.0013000000000000002,0.0036000000000000003,0.0017000000000000001,-0.382,-0.151,0.319
1701528509.814,19.609,19.609,-19.609,0.0011,0.0031000000000000003,-0.0061,-0.333,0.038,0.404
1701528509.8539999,19.609,19.609,-19.609,-0.0024000000000000002,0.0026000000000000003,0.0128,-0.082,0.258,0.381
1701528509.894,19.609,19.609,-19.609,0.0004,0.0041,-0.0032,-0.003,0.221,-0.016
1701528509.934,19.609,19.609,-19.609,0.00030000000000000003,0.0059,-0.0194,-0.209,0.16,-0.556
1701528509.974,19.609,19.609,-19.609,0.0009000000000000001,0.0032,0.0076,-0.811,0.14400000000000002,-0.731
1701528510.014,19.609,19.609,-19.609,0.0014,0.0029000000000000002,-0.0114,-0.724,0.427,0.169
1701528510.054,19.609,19.609,-19.609,0.0008,0.0001,-0.0211,0.223,0.131,0.461
1701528510.0939999,19.609,19.609,-19.609,0.0014,0.0029000000000000002,0.004200000000000001,0.482,-1.463,0.404
1701528510.134,19.609,19.609,-19.609,-0.0004,0.0035,-0.0036000000000000003,-0.221,-1.4000000000000001,0.28700000000000003
1701528510.174,19.609,19.609,-19.609,0.0014,0.0025,-0.033600000000000005,-0.215,-1.0230000000000001,0.322
1701528510.214,19.609,19.609,-19.609,0.001,0.0017000000000000001,0.048400000000000006,-0.079,-0.7020000000000001,-0.151
1701528510.254,19.609,19.609,-19.609,-0.0021000000000000003,0.0028,-0.010400000000000001,-0.149,-0.034,0.165
1701528510.294,19.609,19.609,-19.609,-0.0002,0.0036000000000000003,0.0044,0.17400000000000002,0.40900000000000003,-0.131
1701528510.3339999,19.609,19.609,-19.609,-0.0007,0.0026000000000000003,0.0045000000000000005,0.024,0.363,-0.155
1701528510.374,19.609,19.609,-19.609,0.0007,0.00030000000000000003,0.0028,-0.033,-0.064,-0.054
1701528510.414,19.609,19.609,-19.609,-0.0006000000000000001,0.0043,0.0013000000000000002,0.252,-0.502,0.036000000000000004
1701528510.454,19.609,19.609,-19.609,-0.0017000000000000001,0.0044,-0.0035,0.39,-0.393,-0.094
1701528510.494,19.609,19.609,-19.609,-0.0001,0.0029000000000000002,-0.0117,0.392,-0.116,-0.213
1701528510.534,19.609,19.609,-19.609,0.0012000000000000001,0.0013000000000000002,0.009300000000000001,0.302,-0.078,-0.265
1701528510.574,19.609,19.609,-19.609,-0.0032,0.004200000000000001,0.0046,0.222,-0.114,-0.334
1701528510.614,19.609,19.609,-19.609,0.0007,0.0043,-0.0126,0.181,-0.11800000000000001,-0.296
1701528510.654,19.609,19.609,-19.609,0.0001,0.0012000000000000001,0.0228,0.128,0.036000000000000004,-0.181
1701528510.694,19.609,19.609,-19.609,-0.0001,0.0015,-0.0023,0.109,0.064,-0.166
1701528510.734,19.609,19.609,-19.609,0.0012000000000000001,0.0034000000000000002,0.0005,0.09,0.038,-0.167
1701528510.774,19.609,19.609,-19.609,0.0028,0.0015,-0.0037,0.034,-0.009000000000000001,-0.181
1701528510.814,19.609,19.609,-19.609,0.0023,0.0017000000000000001,0.0006000000000000001,-0.065,-0.085,-0.167
1701528510.854,19.609,19.609,-19.609,0.0023,0.0015,0.0094,-0.093,-0.112,-0.194
1701528510.894,19.609,19.609,-19.609,-0.0006000000000000001,0.0046,0.0058000000000000005,-0.123,0.028,-0.115
1701528510.934,19.609,19.609,-19.609,-0.0016,0.0031000000000000003,-0.0029000000000000002,-0.111,0.029,-0.089
1701528510.974,19.609,19.609,-19.609,0.001,0.0035,-0.0001,-0.088,0.105,-0.039
1701528511.014,19.609,19.609,-19.609,-0.0018000000000000002,0.0023,-0.0001,-0.105,0.2,-0.006
1701528511.054,19.609,19.609,-19.609,0.0007,0.0018000000000000002,-0.0216,-0.081,0.295,-0.078
1701528511.094,19.609,19.609,-19.609,0.001,0.004,0.0184,-0.062,0.335,-0.219
1701528511.134,19.609,19.609,-19.609,0.0001,0.0046,-0.008700000000000001,-0.098,0.316,-0.41500000000000004
1701528511.174,19.609,19.609,-19.609,0.0006000000000000001,0.0037,0.020900000000000002,-0.131,0.354,-0.504
1701528511.214,19.609,19.609,-19.609,0.0,0.0028,-0.0354,-0.234,0.314,-0.227
1701528511.254,19.609,19.609,-19.609,0.001,0.0038,0.0405,-0.33,0.365,-0.032
1701528511.294,19.609,19.609,-19.609,0.0007,0.0036000000000000003,-0.019200000000000002,-0.27,0.268,-0.003
1701528511.334,19.609,19.609,-19.609,0.0004,0.004200000000000001,0.0014,-0.137,0.219,0.033
1701528511.374,19.609,19.609,-19.609,-0.00030000000000000003,0.0027,0.013000000000000001,-0.067,-0.017,0.049
1701528511.414,19.609,19.609,-19.609,0.0014,0.0041,-0.0007,-0.095,-0.108,-0.029
1701528511.454,19.609,19.609,-19.609,-0.0002,0.004,-0.0034000000000000002,-0.20600000000000002,-0.14300000000000002,-0.009000000000000001
1701528511.494,19.609,19.609,-19.609,-0.0004,0.0006000000000000001,-0.013900000000000001,-0.123,0.159,-0.272
1701528511.534,19.609,19.609,-19.609,-0.0013000000000000002,0.005,0.0173,0.08600000000000001,0.343,-0.2
1701528511.574,19.609,19.609,-19.609,-0.0029000000000000002,0.0012000000000000001,-0.0041,-0.009000000000000001,0.049,0.044
1701528511.6139998,19.609,19.609,-19.609,0.0004,0.0009000000000000001,0.001,-0.06,-0.223,-0.148
1701528511.654,19.609,19.609,-19.609,-0.0014,0.005,-0.0145,-0.168,-0.28700000000000003,0.182
1701528511.694,19.609,19.609,-19.609,0.0026000000000000003,0.006200000000000001,0.007,0.127,-0.25,-0.091
1701528511.734,19.609,19.609,-19.609,0.0033,0.0045000000000000005,-0.016900000000000002,0.064,-0.312,-0.184
1701528511.774,19.609,19.609,-19.609,-0.0018000000000000002,0.0023,0.0059,-0.209,-0.399,-0.358
1701528511.814,19.609,19.609,-19.609,-0.0012000000000000001,0.0018000000000000002,-0.0026000000000000003,-0.404,0.178,0.184
1701528511.8539999,19.609,19.609,-19.609,-0.0001,0.0026000000000000003,-0.0073,0.069,0.43,0.18
1701528511.894,19.609,19.609,-19.609,0.0023,0.0025,-0.0047,0.291,0.029,-0.124
1701528511.934,19.609,19.609,-19.609,-0.002,0.0041,0.0148,0.062,-0.229,-0.336
1701528511.974,19.609,19.609,-19.609,-0.0006000000000000001,0.0028,-0.0083,-0.092,-0.259,0.022
1701528512.014,19.609,19.609,-19.609,0.0005,0.0009000000000000001,0.0016,0.007,-0.299,0.037
1701528512.054,19.609,19.609,-19.609,-0.00030000000000000003,0.0023,0.006500000000000001,-0.041,-0.505,-0.10200000000000001
1701528512.0939999,19.609,19.609,-19.609,0.0022,0.0047,0.0,-0.041,-0.41300000000000003,-0.101
1701528512.134,19.609,19.609,-19.609,-0.0017000000000000001,0.0043,-0.0032,0.09,-0.24,-0.195
1701528512.174,19.609,19.609,-19.609,0.0007,0.0015,0.0,0.153,-0.182,-0.227
1701528512.214,19.609,19.609,-19.609,0.0028,0.0023,-0.01,0.114,-0.221,-0.14200000000000002
1701528512.254,19.609,19.609,-19.609,-0.0009000000000000001,0.0014,-0.001,0.07,-0.202,0.029
1701528512.294,19.609,19.609,-19.609,-0.0018000000000000002,0.0039000000000000003,0.0114,0.149,-0.318,-0.122
1701528512.3339999,19.609,19.609,-19.609,-0.0004,0.004,-0.0057,0.04,-0.34400000000000003,-0.137
1701528512.374,19.609,19.609,-19.609,-0.0004,-0.0002,0.0058000000000000005,-0.134,-0.28400000000000003,-0.14100000000000001
1701528512.414,19.609,19.609,-19.609,-0.0004,0.0036000000000000003,-0.0021000000000000003,-0.23,-0.19,-0.016
1701528512.454,19.609,19.609,-19.609,0.0025,0.0039000000000000003,0.0007,-0.247,-0.396,-0.016
1701528512.494,19.609,19.609,-19.609,0.0017000000000000001,0.0028,-0.0004,-0.131,-0.42,-0.129
1701528512.534,19.609,19.609,-19.609,-0.0044,0.0028,0.0036000000000000003,0.092,-0.295,-0.14
1701528512.574,19.609,19.609,-19.609,0.0004,0.0036000000000000003,-0.003,0.252,-0.168,-0.185
1701528512.614,19.609,19.609,-19.609,-0.0022,0.0028,-0.0011,0.329,-0.05,-0.193
1701528512.654,19.609,19.609,-19.609,0.0015,0.0028,0.0001,0.161,0.28600000000000003,-0.013000000000000001
1701528512.694,19.609,19.609,-19.609,0.0007,0.0064,-0.0352,0.242,0.47900000000000004,0.082
1701528512.734,19.609,19.609,-19.609,-0.0007,0.0034000000000000002,0.0446,0.24,0.332,0.078
1701528512.774,19.609,19.609,-19.609,-0.0012000000000000001,0.0049,0.001,0.15,0.097,0.015
1701528512.814,19.609,19.609,-19.609,0.0006000000000000001,0.0043,0.0014,0.076,0.035,0.0
1701528512.854,19.609,19.609,-19.609,0.0012000000000000001,0.0035,-0.0067,-0.029,0.0,-0.078
1701528512.894,19.609,19.609,-19.609,0.0006000000000000001,0.0007,-0.034300000000000004,-0.122,0.065,-0.111
1701528512.934,19.609,19.609,-19.609,0.0004,0.0039000000000000003,0.0432,-0.096,0.186,-0.1
1701528512.974,19.609,19.609,-19.609,-0.001,0.0046,0.0012000000000000001,-0.082,-0.027,-0.099
1701528513.014,19.609,19.609,-19.609,0.0004,0.0019,-0.0058000000000000005,-0.077,-0.14100000000000001,-0.077
1701528513.054,19.609,19.609,-19.609,0.0031000000000000003,0.0043,0.0068000000000000005,-0.088,-0.12,-0.136
1701528513.094,19.609,19.609,-19.609,0.0048000000000000004,0.001,0.0031000000000000003,-0.107,-0.192,-0.181
1701528513.134,19.609,19.609,-19.609,0.0009000000000000001,0.0018000000000000002,0.0058000000000000005,-0.036000000000000004,-0.151,-0.244
1701528513.174,19.609,19.609,-19.609,0.0006000000000000001,0.0005,0.0043,-0.046,-0.092,-0.19
1701528513.214,19.609,19.609,-19.609,0.0001,0.0034000000000000002,0.0004,-0.006,-0.029,-0.14
1701528513.254,19.609,19.609,-19.609,0.0001,0.0035,0.0036000000000000003,0.023,0.009000000000000001,-0.17200000000000001
1701528513.294,19.609,19.609,-19.609,-0.0015,0.00030000000000000003,-0.0031000000000000003,-0.021,0.07,-0.166
1701528513.334,19.609,19.609,-19.609,0.0004,0.0053,0.0019,-0.037,0.01,-0.179
1701528513.374,19.609,19.609,-19.609,-0.00030000000000000003,0.0056,0.0021000000000000003,-0.019,0.013000000000000001,-0.209
1701528513.414,19.609,19.609,-19.609,0.0034000000000000002,0.0036000000000000003,-0.0028,0.04,0.107,-0.185
1701528513.454,19.609,19.609,-19.609,0.0,0.0043,-0.0007,0.10200000000000001,0.165,-0.125
1701528513.494,19.609,19.609,-19.609,0.0007,0.0039000000000000003,0.0028,0.139,0.18,-0.162
1701528513.534,19.609,19.609,-19.609,-0.0001,0.0051,-0.0241,0.163,0.256,-0.268
1701528513.574,19.609,19.609,-19.609,0.00030000000000000003,0.0015,0.0269,0.154,0.241,-0.23600000000000002
1701528513.6139998,19.609,19.609,-19.609,0.0012000000000000001,0.0031000000000000003,0.0026000000000000003,0.128,0.392,-0.185
1701528513.654,19.609,19.609,-19.609,0.0006000000000000001,0.0031000000000000003,-0.014700000000000001,0.075,0.146,-0.14300000000000002
1701528513.694,19.609,19.609,-19.609,-0.0007,0.0048000000000000004,0.014700000000000001,0.078,-0.006,-0.145
1701528513.734,19.609,19.609,-19.609,0.0008,0.0049,-0.013800000000000002,0.1,-0.126,-0.169
1701528513.774,19.609,19.609,-19.609,0.0025,0.0034000000000000002,0.0,0.111,-0.181,-0.176
1701528513.814,19.609,19.609,-19.609,-0.0001,0.0009000000000000001,-0.0058000000000000005,0.099,-0.194,-0.18
1701528513.8539999,19.609,19.609,-19.609,-0.0015,0.0038,-0.0112,0.073,-0.219,-0.152
1701528513.894,19.609,19.609,-19.609,0.0014,0.0023,-0.008400000000000001,0.056,-0.216,-0.126
1701528513.934,19.609,19.609,-19.609,-0.0009000000000000001,0.0022,0.0212,0.08,-0.264,-0.145
1701528513.974,19.609,19.609,-19.609,-0.0008,0.004200000000000001,-0.0029000000000000002,0.076,-0.301,-0.188
1701528514.014,19.609,19.609,-19.609,-0.0011,0.0032,0.0032,0.046,-0.247,-0.216
1701528514.054,19.609,19.609,-19.609,-0.0013000000000000002,0.0031000000000000003,-0.0079,-0.018000000000000002,-0.20400000000000001,-0.20600000000000002
1701528514.0939999,19.609,19.609,-19.609,-0.0014,0.0036000000000000003,-0.02,-0.085,-0.111,-0.187
1701528514.134,19.609,19.609,-19.609,0.0014,0.0045000000000000005,0.0403,-0.106,-0.058,-0.14300000000000002
1701528514.174,19.609,19.609,-19.609,-0.0039000000000000003,0.0034000000000000002,-0.0067,-0.113,-0.029,-0.122
1701528514.214,19.609,19.609,-19.609,0.0023,0.0024000000000000002,-0.0019,-0.133,0.09,-0.11800000000000001
1701528514.254,19.609,19.609,-19.609,0.0005,0.0047,-0.0218,-0.151,0.10400000000000001,-0.097
1701528514.294,19.609,19.609,-19.609,0.0015,0.002,0.024300000000000002,-0.16,0.121,-0.058
1701528514.3339999,19.609,19.609,-19.609,0.0025,0.0034000000000000002,-0.0012000000000000001,-0.167,0.091,-0.026000000000000002
1701528514.374,19.609,19.609,-19.609,0.0005,0.0056,-0.0056,-0.13,0.082,-0.039
1701528514.414,19.609,19.609,-19.609,-0.0013000000000000002,0.0066,-0.015300000000000001,-0.123,0.084,-0.047
1701528514.454,19.609,19.609,-19.609,0.002,0.0036000000000000003,0.028800000000000003,-0.03,0.14200000000000002,-0.186
1701528514.494,19.609,19.609,-19.609,0.0007,0.0018000000000000002,-0.0194,0.004,0.14300000000000002,-0.221
1701528514.534,19.609,19.609,-19.609,0.0007,0.003,0.015300000000000001,0.046,0.148,-0.309
1701528514.574,19.609,19.609,-19.609,-0.0004,0.0027,-0.0079,-0.019,0.189,-0.335
1701528514.614,19.609,19.609,-19.609,-0.0014,0.0023,-0.0142,-0.166,0.136,-0.336
1701528514.654,19.609,19.609,-19.609,0.001,0.0031000000000000003,0.021,-0.203,0.076,-0.352
1701528514.694,19.609,19.609,-19.609,-0.00030000000000000003,0.002,-0.0051,-0.218,0.007,-0.304
1701528514.734,19.609,19.609,-19.609,-0.0009000000000000001,0.0024000000000000002,0.0026000000000000003,-0.161,-0.088,-0.325
1701528514.774,19.609,19.609,-19.609,0.0007,0.0012000000000000001,-0.0106,-0.123,-0.088,-0.356
1701528514.814,19.609,19.609,-19.609,-0.0015,0.0043,-0.0051,-0.17400000000000002,-0.048,-0.317
1701528514.854,19.609,19.609,-19.609,-0.0004,0.0025,0.0089,-0.179,-0.022,-0.248
1701528514.894,19.609,19.609,-19.609,0.0014,0.0016,0.0023,-0.156,-0.081,-0.223
1701528514.934,19.609,19.609,-19.609,-0.001,0.0047,0.0008,-0.114,-0.146,-0.223
1701528514.974,19.609,19.609,-19.609,-0.00030000000000000003,0.0015,-0.0151,-0.098,-0.149,-0.229
1701528515.014,19.609,19.609,-19.609,-0.0004,0.002,0.028,-0.042,-0.176,-0.252
1701528515.054,19.609,19.609,-19.609,-0.0009000000000000001,0.002,-0.0097,-0.04,-0.20400000000000001,-0.255
1701528515.094,19.609,19.609,-19.609,0.0018000000000000002,0.0038,-0.0031000000000000003,-0.013000000000000001,-0.189,-0.171
1701528515.134,19.609,19.609,-19.609,-0.00030000000000000003,0.0023,-0.001,-0.003,-0.157,-0.154
1701528515.174,19.609,19.609,-19.609,0.0,0.002,0.0037,0.014,-0.156,-0.199
1701528515.214,19.609,19.609,-19.609,-0.0008,0.0005,-0.021400000000000002,0.01,-0.146,-0.17300000000000001
1701528515.254,19.609,19.609,-19.609,-0.0006000000000000001,0.0015,0.0346,0.031,-0.101,-0.12
1701528515.294,19.609,19.609,-19.609,-0.0014,-0.0008,-0.0155,0.015,-0.068,-0.125
1701528515.334,19.609,19.609,-19.609,0.0009000000000000001,0.0024000000000000002,0.0034000000000000002,0.009000000000000001,0.07,-0.128
1701528515.374,19.609,19.609,-19.609,0.0008,0.0026000000000000003,-0.0015,-0.015,0.07100000000000001,-0.098
1701528515.414,19.609,19.609,-19.609,0.0002,0.0009000000000000001,-0.0017000000000000001,-0.006,0.051000000000000004,-0.082
1701528515.454,19.609,19.609,-19.609,0.0026000000000000003,0.0011,-0.0027,-0.003,-0.007,-0.045
1701528515.494,19.609,19.609,-19.609,-0.0045000000000000005,0.0029000000000000002,-0.0008,0.0,-0.075,-0.046
1701528515.534,19.609,19.609,-19.609,-0.0012000000000000001,0.0016,-0.0021000000000000003,0.018000000000000002,0.066,-0.059000000000000004
1701528515.574,19.609,19.609,-19.609,0.00030000000000000003,0.0,0.0039000000000000003,-0.048,0.01,-0.027
1701528515.6139998,19.609,19.609,-19.609,-0.0009000000000000001,0.0012000000000000001,0.0015,-0.054,-0.018000000000000002,-0.019
1701528515.654,19.609,19.609,-19.609,-0.0001,0.0031000000000000003,0.004,-0.111,-0.10200000000000001,0.018000000000000002
1701528515.694,19.609,19.609,-19.609,-0.0019,0.0017000000000000001,-0.0059,-0.17300000000000001,-0.111,0.041
1701528515.734,19.609,19.609,-19.609,-0.001,0.002,-0.0105,-0.194,-0.108,0.109
1701528515.774,19.609,19.609,-19.609,0.0006000000000000001,0.0031000000000000003,0.0098,-0.176,-0.094,0.048
1701528515.814,19.609,19.609,-19.609,0.0011,0.0019,-0.001,-0.215,-0.027,0.05
1701528515.8539999,19.609,19.609,-19.609,-0.0027,0.0018000000000000002,0.0032,-0.31,-0.114,0.06
1701528515.894,19.609,19.609,-19.609,-0.0016,0.0004,-0.0051,-0.297,-0.10300000000000001,0.0
1701528515.934,19.609,19.609,-19.609,-0.001,0.0024000000000000002,-0.0196,-0.375,-0.17400000000000002,0.002
1701528515.974,19.609,19.609,-19.609,0.0004,0.0012000000000000001,0.031900000000000005,-0.309,-0.167,-0.046
1701528516.014,19.609,19.609,-19.609,-0.0001,0.0018000000000000002,-0.0041,-0.264,-0.114,-0.062
1701528516.054,19.609,19.609,-19.609,-0.001,0.0017000000000000001,-0.0078000000000000005,-0.267,-0.131,-0.027
1701528516.0939999,19.609,19.609,-19.609,0.0006000000000000001,0.0007,-0.001,-0.17200000000000001,-0.105,0.0
1701528516.134,19.609,19.609,-19.609,0.0001,0.0013000000000000002,0.0054,-0.131,-0.146,-0.046
1701528516.174,19.609,19.609,-19.609,0.0001,0.0018000000000000002,-0.0013000000000000002,-0.134,-0.083,-0.035
1701528516.214,19.609,19.609,-19.609,-0.0004,0.004,-0.0027,-0.145,-0.078,0.026000000000000002
1701528516.254,19.609,19.609,-19.609,0.0014,0.004,-0.0012000000000000001,-0.146,-0.114,0.019
1701528516.294,19.609,19.609,-19.609,0.0026000000000000003,0.0019,-0.0001,-0.081,-0.099,0.04
1701528516.3339999,19.609,19.609,-19.609,0.0001,0.0023,0.002,-0.062,-0.114,-0.005
1701528516.374,19.609,19.609,-19.609,-0.0002,0.0025,-0.0082,-0.084,-0.065,0.023
1701528516.414,19.609,19.609,-19.609,0.0012000000000000001,0.0017000000000000001,0.022500000000000003,-0.123,-0.08600000000000001,0.045
1701528516.454,19.609,19.609,-19.609,-0.0002,0.0031000000000000003,-0.0115,-0.105,-0.07200000000000001,0.029
1701528516.494,19.609,19.609,-19.609,0.0001,0.004200000000000001,0.0015,-0.07200000000000001,-0.088,-0.003
1701528516.534,19.609,19.609,-19.609,-0.0023,0.0031000000000000003,-0.0037,-0.056,-0.107,-0.022
1701528516.574,19.609,19.609,-19.609,0.0013000000000000002,0.0034000000000000002,0.013900000000000001,-0.099,-0.057,0.027
1701528516.614,19.609,19.609,-19.609,0.0005,0.0019,-0.0001,-0.14400000000000002,-0.013000000000000001,0.055
1701528516.654,19.609,19.609,-19.609,-0.00030000000000000003,0.001,-0.0032,-0.123,-0.046,0.069
1701528516.694,19.609,19.609,-19.609,-0.0001,0.0048000000000000004,0.0061,-0.094,-0.03,0.012
1701528516.734,19.609,19.609,-19.609,0.0015,0.0039000000000000003,-0.0076,-0.083,-0.131,0.068
1701528516.774,19.609,19.609,-19.609,0.0,0.003,0.0035,-0.059000000000000004,-0.099,0.047
1701528516.814,19.609,19.609,-19.609,-0.0004,0.004,-0.007500000000000001,-0.08,-0.042,0.029
1701528516.854,19.609,19.609,-19.609,0.0007,0.0036000000000000003,-0.0028,-0.113,-0.058,0.013000000000000001
1701528516.894,19.609,19.609,-19.609,-0.0014,0.0034000000000000002,-0.0054,-0.126,-0.07200000000000001,0.021
1701528516.934,19.609,19.609,-19.609,0.0014,0.0025,0.0236,-0.088,-0.073,0.084
1701528516.974,19.609,19.609,-19.609,0.0004,0.0028,0.0006000000000000001,-0.049,-0.024,0.028
1701528517.014,19.609,19.609,-19.609,-0.00030000000000000003,0.0038,-0.007,-0.007,-0.045,0.014
1701528517.054,19.609,19.609,-19.609,0.0015,0.0018000000000000002,-0.002,-0.024,-0.029,0.022
1701528517.094,19.609,19.609,-19.609,0.0012000000000000001,0.0026000000000000003,-0.0028,-0.039,-0.059000000000000004,0.013000000000000001
1701528517.134,19.609,19.609,-19.609,-0.0009000000000000001,0.0027,0.0,-0.06,-0.032,0.022
1701528517.174,19.609,19.609,-19.609,-0.0024000000000000002,0.0021000000000000003,-0.0017000000000000001,-0.083,-0.062,0.04
1701528517.214,19.609,19.609,-19.609,-0.00030000000000000003,0.0043,-0.0021000000000000003,-0.036000000000000004,-0.064,0.035
1701528517.254,19.609,19.609,-19.609,-0.0007,0.0036000000000000003,0.0041,0.005,-0.004,-0.012
1701528517.294,19.609,19.609,-19.609,0.00030000000000000003,0.0038,-0.0005,-0.032,-0.019,0.007
1701528517.334,19.609,19.609,-19.609,-0.0009000000000000001,0.0036000000000000003,0.0,-0.051000000000000004,-0.019,0.046
1701528517.374,19.609,19.609,-19.609,-0.0009000000000000001,-0.0002,-0.0017000000000000001,-0.125,0.089,0.069
1701528517.414,19.609,19.609,-19.609,0.0009000000000000001,0.0044,0.0,-0.168,0.09,0.028
1701528517.454,19.609,19.609,-19.609,0.0001,0.0041,0.0008,-0.217,0.009000000000000001,0.139
1701528517.494,19.609,19.609,-19.609,-0.0001,0.0039000000000000003,-0.0074,-0.28700000000000003,0.006,0.20400000000000001
1701528517.534,19.609,19.609,-19.609,0.0026000000000000003,0.0031000000000000003,-0.0026000000000000003,-0.372,-0.011,0.254
1701528517.574,19.609,19.609,-19.609,0.0011,0.0039000000000000003,-0.0007,-0.47000000000000003,-0.05,0.308
1701528517.6139998,19.609,19.609,-19.609,0.0001,0.0017000000000000001,0.0053,-0.633,-0.015,0.342
1701528517.654,19.609,19.609,-19.609,-0.00030000000000000003,0.0025,-0.0057,-0.8190000000000001,-0.023,0.45
1701528517.694,19.609,19.609,-19.609,0.0,0.002,0.005,-0.857,-0.095,0.47500000000000003
1701528517.734,19.609,19.609,-19.609,0.0006000000000000001,0.0023,-0.0022,-0.842,-0.133,0.38
1701528517.774,19.609,19.609,-19.609,0.0021000000000000003,0.0015,0.0011,-0.927,-0.14,0.419
1701528517.814,19.609,19.609,-19.609,-0.0006000000000000001,0.0028,-0.0007,-0.961,-0.186,0.364
1701528517.8539999,19.609,19.609,-19.609,-0.0004,0.0032,0.0045000000000000005,-1.037,-0.192,0.308
1701528517.894,19.609,19.609,-19.609,0.0,0.0024000000000000002,-0.0012000000000000001,-1.1520000000000001,-0.099,0.35100000000000003
1701528517.934,19.609,19.609,-19.609,0.0009000000000000001,0.001,-0.004,-1.18,-0.08600000000000001,0.301
1701528517.974,19.609,19.609,-19.609,0.001,0.0006000000000000001,0.0019,-1.239,-0.15,0.34800000000000003
1701528518.014,19.609,19.609,-19.609,0.0006000000000000001,0.0001,-0.0034000000000000002,-1.312,-0.171,0.40700000000000003
1701528518.054,19.609,19.609,-19.609,0.0013000000000000002,0.0026000000000000003,-0.0012000000000000001,-1.3960000000000001,-0.186,0.47000000000000003
1701528518.0939999,19.609,19.609,-19.609,0.0014,0.0009000000000000001,-0.0029000000000000002,-1.389,-0.182,0.58
1701528518.134,19.609,19.609,-19.609,0.0019,0.0018000000000000002,0.0019,-1.204,-0.093,0.58
1701528518.174,19.609,19.609,-19.609,0.0021000000000000003,0.0027,-0.0006000000000000001,-1.154,0.08700000000000001,0.603
1701528518.214,19.609,19.609,-19.609,-0.0008,0.0015,-0.0029000000000000002,-1.2550000000000001,0.096,0.5710000000000001
1701528518.254,19.609,19.609,-19.609,0.0006000000000000001,0.0014,-0.0015,-1.422,0.033,0.557
1701528518.294,19.609,19.609,-19.609,0.0005,0.0035,-0.0032,-1.5090000000000001,0.016,0.543
1701528518.3339999,19.609,19.609,-19.609,0.0007,0.0021000000000000003,0.0126,-1.428,0.038,0.418
1701528518.374,19.609,19.609,-19.609,0.0018000000000000002,0.0019,-0.028,-1.2510000000000001,-0.021,0.33
1701528518.414,19.609,19.609,-19.609,0.0035,0.0028,0.021400000000000002,-1.184,-0.067,0.397
1701528518.454,19.609,19.609,-19.609,-0.0014,0.0045000000000000005,0.0018000000000000002,-1.161,0.012,0.544
1701528518.494,19.609,19.609,-19.609,0.0002,0.0018000000000000002,0.0048000000000000004,-1.093,-0.011,0.47600000000000003
1701528518.534,19.609,19.609,-19.609,0.0002,0.0021000000000000003,0.0083,-1.0230000000000001,-0.10400000000000001,0.387
1701528518.574,19.609,19.609,-19.609,0.0026000000000000003,0.0009000000000000001,0.007200000000000001,-1.012,-0.125,0.386
1701528518.614,19.609,19.609,-19.609,0.0034000000000000002,0.0018000000000000002,0.006200000000000001,-0.9450000000000001,-0.089,0.369
1701528518.654,19.609,19.609,-19.609,0.0005,-0.0026000000000000003,-0.0039000000000000003,-0.9490000000000001,0.029,0.342
1701528518.694,19.609,19.609,-19.609,0.0012000000000000001,0.0015,0.0103,-1.027,0.11800000000000001,0.311
1701528518.734,19.609,19.609,-19.609,0.0018000000000000002,-0.0025,0.0066,-1.124,0.199,0.313
1701528518.774,19.609,19.609,-19.609,0.002,0.0,0.0036000000000000003,-1.297,0.296,0.424
1701528518.814,19.609,19.609,-19.609,0.0012000000000000001,-0.0001,0.0066,-1.3840000000000001,0.128,0.521
1701528518.854,19.609,19.609,-19.609,0.0014,0.0017000000000000001,0.0033,-1.377,0.014,0.541
1701528518.894,19.609,19.609,-19.609,0.0021000000000000003,0.0006000000000000001,0.0025,-1.391,-0.13,0.556
1701528518.934,19.609,19.609,-19.609,0.0001,-0.0017000000000000001,0.0048000000000000004,-1.356,-0.061,0.585
1701528518.974,19.609,19.609,-19.609,0.0014,0.0016,0.0066,-1.437,0.089,0.632
1701528519.014,19.609,19.609,-19.609,-0.0012000000000000001,-0.0004,-0.0012000000000000001,-1.399,0.153,0.589
1701528519.054,19.609,19.609,-19.609,0.0015,0.0,0.0076,-1.281,0.23800000000000002,0.498
1701528519.094,19.609,19.609,-19.609,0.0025,0.0012000000000000001,0.00030000000000000003,-1.2590000000000001,0.31,0.439
1701528519.134,19.609,19.609,-19.609,0.0026000000000000003,0.0026000000000000003,0.0037,-1.218,0.29,0.366
1701528519.174,19.609,19.609,-19.609,0.0017000000000000001,-0.0007,-0.0034000000000000002,-1.194,0.269,0.268
1701528519.214,19.609,19.609,-19.609,0.0025,0.0009000000000000001,0.0026000000000000003,-1.226,0.002,0.312
1701528519.254,19.609,19.609,-19.609,0.0012000000000000001,0.0004,-0.0117,-1.116,-0.309,0.215
1701528519.294,19.609,19.609,-19.609,0.0025,0.0007,0.0055000000000000005,-0.923,-0.45,0.04
1701528519.334,19.609,19.609,-19.609,0.0017000000000000001,-0.0019,0.0,-0.8150000000000001,-0.462,-0.041
1701528519.374,19.609,19.609,-19.609,-0.00030000000000000003,-0.0018000000000000002,-0.0028,-0.652,-0.4,-0.163
1701528519.414,19.609,19.609,-19.609,0.0009000000000000001,-0.0006000000000000001,-0.0014,-0.486,-0.365,-0.145
1701528519.454,19.609,19.609,-19.609,0.0001,-0.0004,-0.0012000000000000001,-0.07200000000000001,-0.41500000000000004,-0.193
1701528519.494,19.609,19.609,-19.609,-0.0001,-0.0028,-0.0016,0.388,-0.434,-0.366
1701528519.534,19.609,19.609,-19.609,0.00030000000000000003,-0.002,-0.0008,0.8260000000000001,-0.361,-0.559
1701528519.574,19.609,19.609,-19.609,0.002,0.0015,-0.0057,1.119,-0.259,-0.709
1701528519.6139998,19.609,19.609,-19.609,0.00030000000000000003,-0.0012000000000000001,-0.0039000000000000003,1.544,0.186,-1.083
1701528519.654,19.609,19.609,-19.609,0.001,-0.001,-0.0023,1.645,0.151,-0.998
1701528519.694,19.609,19.609,-19.609,0.0008,0.0009000000000000001,0.0002,1.939,0.092,-1.164
1701528519.734,19.609,19.609,-19.609,0.0001,0.0006000000000000001,-0.0021000000000000003,2.068,-0.014,-1.175
1701528519.774,19.609,19.609,-19.609,0.0028,0.00030000000000000003,0.0083,2.3930000000000002,-0.152,-1.27
1701528519.814,19.609,19.609,-19.609,0.002,0.0001,0.0051,2.6510000000000002,-0.20800000000000002,-1.41
1701528519.8539999,19.609,19.609,-19.609,-0.0002,0.0017000000000000001,0.0032,2.908,-0.377,-1.674
1701528519.894,19.609,19.609,-19.609,-0.0007,-0.0022,-0.0049,3.095,-0.404,-1.838
1701528519.934,19.609,19.609,-19.609,0.0029000000000000002,0.001,0.016,3.315,-0.266,-2.071
1701528519.974,19.609,19.609,-19.609,0.0023,-0.0005,0.010100000000000001,3.282,-0.11800000000000001,-2.206
1701528520.014,19.609,19.609,-19.609,0.001,0.0026000000000000003,0.0061,3.134,0.011,-2.271
1701528520.054,19.609,19.609,-19.609,-0.0015,0.0014,0.004,3.02,0.07200000000000001,-2.444
1701528520.0939999,19.609,19.609,-19.609,0.0035,0.0007,-0.0061,2.331,0.11,-2.079
1701528520.134,19.609,19.609,-19.609,0.0012000000000000001,0.0036000000000000003,0.0055000000000000005,1.965,0.085,-1.607
1701528520.174,19.609,19.609,-19.609,0.0051,0.0045000000000000005,0.0166,1.864,0.009000000000000001,-1.413
1701528520.214,19.609,19.609,-19.609,0.00030000000000000003,0.0043,-0.0032,1.826,0.083,-1.426
1701528520.254,19.609,19.609,-19.609,0.0,0.004200000000000001,0.006200000000000001,1.817,0.146,-1.465
1701528520.294,19.609,19.609,-19.609,0.0007,0.0008,-0.004,1.747,0.548,-1.5030000000000001
1701528520.3339999,19.609,19.609,-19.609,-0.0001,0.0028,0.003,1.668,0.594,-1.34
1701528520.374,19.609,19.609,-19.609,0.0006000000000000001,0.002,0.0007,1.602,0.493,-1.02
1701528520.414,19.609,19.609,-19.609,-0.0004,0.0023,0.0044,1.483,0.328,-0.782
1701528520.454,19.609,19.609,-19.609,0.0014,0.0029000000000000002,-0.0047,1.284,0.06,-0.532
1701528520.494,19.609,19.609,-19.609,0.0006000000000000001,0.0055000000000000005,0.0,1.077,0.013000000000000001,-0.402
1701528520.534,19.609,19.609,-19.609,0.0061,0.0051,-0.0008,0.758,0.035,-0.259
1701528520.574,19.609,19.609,-19.609,-0.0004,0.0012000000000000001,-0.0033,0.522,-0.073,-0.093
1701528520.614,19.609,19.609,-19.609,-0.0025,0.0033,0.0026000000000000003,0.28,-0.187,-0.023
1701528520.654,19.609,19.609,-19.609,0.0011,0.0025,-0.0073,0.138,-0.272,0.006
1701528520.694,19.609,19.609,-19.609,-0.0001,0.0039000000000000003,0.0031000000000000003,-0.105,-0.317,0.036000000000000004
1701528520.734,19.609,19.609,-19.609,0.003,0.0019,-0.0068000000000000005,-0.193,-0.2,0.049
1701528520.774,19.609,19.609,-19.609,0.0,0.004,0.0043,-0.23500000000000001,-0.153,0.07
1701528520.814,19.609,19.609,-19.609,0.0015,0.0013000000000000002,-0.0009000000000000001,-0.2,0.012,0.105
1701528520.854,19.609,19.609,-19.609,-0.001,0.001,-0.0059,-0.01,-0.085,0.021
1701528520.894,19.609,19.609,-19.609,-0.00030000000000000003,0.0033,-0.0039000000000000003,-0.024,-0.069,-0.02
1701528520.934,19.609,19.609,-19.609,-0.0006000000000000001,0.0015,0.0009000000000000001,-0.014,0.023,-0.06
1701528520.974,19.609,19.609,-19.609,0.0017000000000000001,0.0019,-0.0188,-0.031,0.069,-0.124
1701528521.014,19.609,19.609,-19.609,-0.0023,0.002,0.017,-0.115,-0.003,-0.146
1701528521.054,19.609,19.609,-19.609,0.0017000000000000001,0.0007,-0.0009000000000000001,-0.191,0.013000000000000001,-0.108
1701528521.094,19.609,19.609,-19.609,0.001,0.0045000000000000005,-0.0021000000000000003,-0.28600000000000003,-0.045,-0.018000000000000002
1701528521.134,19.609,19.609,-19.609,-0.0009000000000000001,0.0024000000000000002,0.0047,-0.316,0.04,0.007
1701528521.174,19.609,19.609,-19.609,-0.0013000000000000002,0.0037,-0.001,-0.34900000000000003,0.134,0.053
1701528521.214,19.609,19.609,-19.609,0.0001,0.0033,-0.010100000000000001,-0.378,0.148,0.17500000000000002
1701528521.254,19.609,19.609,-19.609,0.00030000000000000003,0.0002,0.0006000000000000001,-0.352,0.109,0.229
1701528521.294,19.609,19.609,-19.609,0.0,0.0041,-0.0085,-0.35100000000000003,0.1,0.249
1701528521.334,19.609,19.609,-19.609,0.0013000000000000002,0.0028,-0.005200000000000001,-0.189,0.107,0.26
1701528521.374,19.609,19.609,-19.609,0.0015,0.0029000000000000002,0.0,-0.14,0.127,0.23600000000000002
1701528521.414,19.609,19.609,-19.609,-0.0005,0.0046,-0.0031000000000000003,-0.14400000000000002,0.063,0.20700000000000002
1701528521.454,19.609,19.609,-19.609,0.0,0.0017000000000000001,-0.0006000000000000001,-0.106,0.043000000000000003,0.223
1701528521.494,19.609,19.609,-19.609,-0.0001,0.0023,-0.00030000000000000003,-0.003,-0.025,0.057
1701528521.534,19.609,19.609,-19.609,0.0004,0.0038,-0.0366,-0.034,0.002,0.014
1701528521.574,19.609,19.609,-19.609,0.0,0.0056,0.049,-0.025,0.063,0.028
1701528521.6139998,19.609,19.609,-19.609,-0.0007,0.0012000000000000001,-0.0061,-0.018000000000000002,0.106,-0.004
1701528521.654,19.609,19.609,-19.609,0.0014,0.0034000000000000002,0.0032,0.085,0.084,-0.058
1701528521.694,19.609,19.609,-19.609,0.00030000000000000003,0.004,0.0018000000000000002,0.068,0.068,-0.107
1701528521.734,19.609,19.609,-19.609,-0.0001,0.0018000000000000002,0.00030000000000000003,0.064,0.04,-0.165
1701528521.774,19.609,19.609,-19.609,0.0023,0.001,0.0005,0.091,0.099,-0.185
1701528521.814,19.609,19.609,-19.609,0.0006000000000000001,0.0046,0.0004,0.121,0.152,-0.211
1701528521.8539999,19.609,19.609,-19.609,0.002,0.006200000000000001,-0.0031000000000000003,0.041,0.167,-0.156
1701528521.894,19.609,19.609,-19.609,0.003,0.0056,-0.0076,0.16,0.137,-0.14
1701528521.934,19.609,19.609,-19.609,0.0009000000000000001,0.0028,0.0145,0.274,0.028,-0.189
1701528521.974,19.609,19.609,-19.609,0.0017000000000000001,0.0039000000000000003,-0.0159,0.261,0.033,-0.252
1701528522.014,19.609,19.609,-19.609,0.002,0.0023,-0.0021000000000000003,0.074,0.062,-0.23800000000000002
1701528522.054,19.609,19.609,-19.609,0.0022,0.0028,0.012,0.078,0.133,-0.163
1701528522.0939999,19.609,19.609,-19.609,-0.0001,0.0036000000000000003,-0.0158,0.138,0.131,-0.08
1701528522.134,19.609,19.609,-19.609,0.0004,0.0029000000000000002,-0.0023,0.211,0.117,-0.108
1701528522.174,19.609,19.609,-19.609,0.0015,0.0029000000000000002,0.0159,0.263,0.171,-0.179
1701528522.214,19.609,19.609,-19.609,0.0001,0.0029000000000000002,-0.001,0.225,0.23500000000000001,-0.185
1701528522.254,19.609,19.609,-19.609,0.00030000000000000003,0.0027,0.0029000000000000002,0.139,0.231,-0.153
1701528522.294,19.609,19.609,-19.609,0.0015,0.0038,-0.0009000000000000001,0.14100000000000001,0.197,-0.209
1701528522.3339999,19.609,19.609,-19.609,0.002,0.0051,-0.00030000000000000003,0.14,0.059000000000000004,-0.231
1701528522.374,19.609,19.609,-19.609,-0.0014,0.004,0.0043,0.183,-0.011,-0.228
1701528522.414,19.609,19.609,-19.609,0.0001,0.0034000000000000002,-0.019,0.154,0.049,-0.291
1701528522.454,19.609,19.609,-19.609,-0.004200000000000001,0.0022,0.0324,0.148,0.045,-0.247
1701528522.494,19.609,19.609,-19.609,-0.0009000000000000001,0.0028,0.0029000000000000002,0.281,0.009000000000000001,-0.217
1701528522.534,19.609,19.609,-19.609,0.0006000000000000001,0.0031000000000000003,-0.0016,0.278,-0.066,-0.251
1701528522.574,19.609,19.609,-19.609,0.0025,0.005200000000000001,-0.006200000000000001,0.263,-0.047,-0.251
1701528522.614,19.609,19.609,-19.609,-0.0009000000000000001,0.0037,-0.006900000000000001,0.233,0.03,-0.269
1701528522.654,19.609,19.609,-19.609,0.0014,0.004200000000000001,-0.0095,0.108,0.10400000000000001,-0.159
1701528522.694,19.609,19.609,-19.609,0.0022,0.001,0.006900000000000001,0.109,0.06,-0.13
1701528522.734,19.609,19.609,-19.609,0.0017000000000000001,0.0046,-0.006200000000000001,0.133,-0.058,-0.095
1701528522.774,19.609,19.609,-19.609,0.0002,0.0037,-0.0068000000000000005,0.07,-0.123,-0.094
1701528522.814,19.609,19.609,-19.609,0.0017000000000000001,0.0028,-0.0325,-0.08600000000000001,-0.079,-0.14400000000000002
1701528522.854,19.609,19.609,-19.609,-0.0026000000000000003,0.0023,0.0463,-0.222,-0.004,-0.139
1701528522.894,19.609,19.609,-19.609,-0.0027,0.004200000000000001,-0.004200000000000001,-0.315,0.055,-0.112
1701528522.934,19.609,19.609,-19.609,0.0014,0.0034000000000000002,0.0018000000000000002,-0.176,-0.003,0.088
1701528522.974,19.609,19.609,-19.609,-0.0028,0.005200000000000001,0.0036000000000000003,0.2,0.14400000000000002,0.136
1701528523.014,19.609,19.609,-19.609,0.00030000000000000003,0.0045000000000000005,-0.016900000000000002,0.218,0.027,-0.093
1701528523.054,19.609,19.609,-19.609,0.0017000000000000001,0.0031000000000000003,0.013600000000000001,-0.115,0.008,-0.14
1701528523.094,19.609,19.609,-19.609,0.0017000000000000001,0.0014,-0.001,-0.265,0.124,-0.063
1701528523.134,19.609,19.609,-19.609,0.0005,0.004,-0.0105,-0.188,0.056,-0.026000000000000002
1701528523.174,19.609,19.609,-19.609,0.0004,0.0021000000000000003,-0.010400000000000001,-0.018000000000000002,0.053,-0.051000000000000004
1701528523.214,19.609,19.609,-19.609,0.0001,0.0043,0.005,0.029,0.017,-0.039
1701528523.254,19.609,19.609,-19.609,0.001,0.0033,-0.0079,-0.047,-0.049,-0.003
1701528523.294,19.609,19.609,-19.609,0.0038,0.0022,0.0004,-0.07,-0.027,0.007
1701528523.334,19.609,19.609,-19.609,0.002,0.0044,-0.0026000000000000003,-0.106,0.042,-0.014
1701528523.374,19.609,19.609,-19.609,0.0021000000000000003,0.0032,0.0,-0.108,0.035,0.04
1701528523.414,19.609,19.609,-19.609,0.0,0.0046,-0.0007,0.007,-0.025,0.022
1701528523.454,19.609,19.609,-19.609,-0.0007,0.0029000000000000002,-0.0061,0.014,-0.08,-0.021
1701528523.494,19.609,19.609,-19.609,0.0001,0.0023,0.0187,0.034,-0.032,-0.049
1701528523.534,19.609,19.609,-19.609,-0.00030000000000000003,0.0041,-0.0012000000000000001,0.075,0.014,-0.129
1701528523.574,19.609,19.609,-19.609,0.00030000000000000003,0.004,-0.0252,-0.017,-0.018000000000000002,-0.17
1701528523.6139998,19.609,19.609,-19.609,0.0017000000000000001,0.0063,0.009600000000000001,-0.007,-0.053,-0.135
1701528523.654,19.609,19.609,-19.609,-0.0014,0.003,0.0034000000000000002,0.061,-0.079,-0.161
1701528523.694,19.609,19.609,-19.609,0.00030000000000000003,0.0057,0.0159,0.089,-0.089,-0.157
1701528523.734,19.609,19.609,-19.609,-0.002,0.003,-0.017,0.124,-0.114,-0.178
1701528523.774,19.609,19.609,-19.609,0.0004,0.0002,0.0014,0.12,-0.047,-0.197
1701528523.814,19.609,19.609,-19.609,0.0025,0.0034000000000000002,-0.0057,0.08700000000000001,-0.034,-0.157
1701528523.8539999,19.609,19.609,-19.609,0.001,0.002,0.0023,0.156,-0.062,-0.137
1701528523.894,19.609,19.609,-19.609,0.0009000000000000001,0.0026000000000000003,0.0081,0.211,-0.07200000000000001,-0.146
1701528523.934,19.609,19.609,-19.609,0.0002,0.0036000000000000003,0.0029000000000000002,0.157,-0.096,-0.17200000000000001
1701528523.974,19.609,19.609,-19.609,0.0012000000000000001,0.0039000000000000003,-0.003,0.122,0.0,-0.161
1701528524.014,19.609,19.609,-19.609,-0.0009000000000000001,-0.0012000000000000001,-0.007500000000000001,0.073,-0.015,-0.137
1701528524.054,19.609,19.609,-19.609,-0.0017000000000000001,0.004,0.0068000000000000005,0.113,-0.023,-0.14
1701528524.0939999,19.609,19.609,-19.609,0.0023,0.0043,-0.001,0.131,-0.022,-0.114
1701528524.134,19.609,19.609,-19.609,-0.0021000000000000003,0.0028,-0.0241,0.08,-0.025,-0.134
1701528524.174,19.609,19.609,-19.609,-0.0023,0.0038,0.0137,0.023,-0.068,-0.108
1701528524.214,19.609,19.609,-19.609,0.00030000000000000003,0.0008,0.008700000000000001,-0.042,-0.043000000000000003,-0.12
1701528524.254,19.609,19.609,-19.609,-0.0028,0.0032,-0.0061,-0.084,0.021,-0.097
1701528524.294,19.609,19.609,-19.609,-0.00030000000000000003,0.0043,-0.0006000000000000001,-0.058,0.012,-0.078
1701528524.3339999,19.609,19.609,-19.609,0.0001,0.0031000000000000003,0.0004,-0.016,0.057,-0.08700000000000001
1701528524.374,19.609,19.609,-19.609,0.0007,0.0045000000000000005,-0.0056,-0.055,0.015,-0.07200000000000001
1701528524.414,19.609,19.609,-19.609,-0.0011,0.0025,-0.0194,-0.107,0.04,-0.073
1701528524.454,19.609,19.609,-19.609,-0.0001,0.0046,0.002,-0.149,0.10300000000000001,-0.088
1701528524.494,19.609,19.609,-19.609,0.0009000000000000001,0.0051,0.0009000000000000001,-0.18,0.157,-0.121
1701528524.534,19.609,19.609,-19.609,-0.0004,0.0034000000000000002,-0.0076,-0.245,0.259,-0.092
1701528524.574,19.609,19.609,-19.609,-0.0021000000000000003,0.002,0.0212,-0.23700000000000002,0.29,-0.04
1701528524.614,19.609,19.609,-19.609,0.0021000000000000003,0.0045000000000000005,-0.0074,-0.084,0.311,-0.067
1701528524.654,19.609,19.609,-19.609,0.0017000000000000001,0.0036000000000000003,-0.0039000000000000003,-0.108,0.339,-0.122
1701528524.694,19.609,19.609,-19.609,0.0025,0.005200000000000001,-0.0079,-0.1,0.357,-0.124
1701528524.734,19.609,19.609,-19.609,-0.001,0.0027,0.0067,-0.17200000000000001,0.452,-0.145
1701528524.774,19.609,19.609,-19.609,0.0004,0.002,0.0006000000000000001,-0.151,0.614,-0.167
1701528524.814,19.609,19.609,-19.609,0.0023,0.0034000000000000002,0.0014,-0.176,0.6950000000000001,-0.101
1701528524.854,19.609,19.609,-19.609,-0.0006000000000000001,0.0041,-0.0081,-0.091,0.724,-0.122
1701528524.894,19.609,19.609,-19.609,0.0004,0.004200000000000001,0.0088,-0.08700000000000001,0.811,-0.14200000000000002
1701528524.934,19.609,19.609,-19.609,-0.001,0.003,-0.0041,-0.168,0.879,-0.096
1701528524.974,19.609,19.609,-19.609,0.0021000000000000003,0.0032,-0.0004,-0.305,0.961,-0.094
1701528525.014,19.609,19.609,-19.609,0.0032,0.0045000000000000005,-0.051000000000000004,-0.443,0.9490000000000001,-0.158
1701528525.054,19.609,19.609,-19.609,0.0009000000000000001,0.0048000000000000004,0.0572,-0.538,0.93,-0.11800000000000001
1701528525.094,19.609,19.609,-19.609,0.002,0.004,-0.0028,-0.518,0.963,-0.135
1701528525.134,19.609,19.609,-19.609,0.0024000000000000002,0.0013000000000000002,-0.0085,-0.396,0.976,-0.11900000000000001
1701528525.174,19.609,19.609,-19.609,0.0039000000000000003,0.0033,-0.0251,-0.324,1.071,-0.165
1701528525.214,19.609,19.609,-19.609,0.0014,0.0044,0.0329,-0.437,0.924,-0.177
1701528525.254,19.609,19.609,-19.609,0.0008,0.0024000000000000002,-0.0198,-0.545,0.928,-0.022
1701528525.294,19.609,19.609,-19.609,0.0007,0.0034000000000000002,0.007,-0.393,1.0010000000000001,-0.017
1701528525.334,19.609,19.609,-19.609,0.0039000000000000003,0.0022,-0.0211,-0.199,0.994,-0.115
1701528525.374,19.609,19.609,-19.609,0.0031000000000000003,0.0035,0.0309,-0.20700000000000002,0.984,-0.153
1701528525.414,19.609,19.609,-19.609,-0.0013000000000000002,0.0016,-0.013900000000000001,-0.187,1.012,-0.014
1701528525.454,19.609,19.609,-19.609,0.0005,0.0034000000000000002,-0.028,-0.043000000000000003,0.909,-0.065
1701528525.494,19.609,19.609,-19.609,0.0027,0.0035,0.0374,-0.114,1.0,-0.134
1701528525.534,19.609,19.609,-19.609,0.0001,0.0004,-0.06520000000000001,-0.121,1.04,-0.114
1701528525.574,19.609,19.609,-19.609,-0.0008,0.001,0.0262,-0.057,1.04,-0.162
1701528525.6139998,19.609,19.609,-19.609,0.0007,0.0008,-0.0538,0.032,1.0,-0.276
1701528525.654,19.609,19.609,-19.609,0.001,0.002,0.0761,0.091,0.887,-0.313
1701528525.694,19.609,19.609,-19.609,-0.0006000000000000001,0.0054,-0.0383,0.164,0.74,-0.373
1701528525.734,19.609,19.609,-19.609,0.0006000000000000001,0.0025,0.0347,0.105,0.597,-0.28
1701528525.774,19.609,19.609,-19.609,0.0008,0.0028,-0.0391,0.084,0.426,-0.232
1701528525.814,19.609,19.609,-19.609,0.0012000000000000001,0.0034000000000000002,0.037000000000000005,0.146,0.355,-0.20600000000000002
1701528525.8539999,19.609,19.609,-19.609,0.002,0.0026000000000000003,-0.052000000000000005,0.233,0.355,-0.209
1701528525.894,19.609,19.609,-19.609,0.0016,0.0047,-0.0119,0.28300000000000003,0.306,-0.233
1701528525.934,19.609,19.609,-19.609,-0.001,0.0037,-0.0723,0.275,0.203,-0.277
1701528525.974,19.609,19.609,-19.609,0.0023,0.0021000000000000003,0.0296,0.20700000000000002,0.11900000000000001,-0.198
1701528526.014,19.609,19.609,-19.609,0.0001,0.0031000000000000003,-0.0936,0.113,0.107,-0.177
1701528526.054,19.609,19.609,-19.609,-0.0004,0.0016,0.0927,0.08700000000000001,0.093,-0.138
1701528526.0939999,19.609,19.609,-19.609,-0.0006000000000000001,0.0007,-0.09430000000000001,0.092,0.122,-0.152
1701528526.134,19.609,19.609,-19.609,0.0033,0.0026000000000000003,0.0912,0.075,0.079,-0.152
1701528526.174,19.609,19.609,-19.609,0.0012000000000000001,0.0024000000000000002,-0.0267,0.033,0.017,-0.133
1701528526.214,19.609,19.609,-19.609,0.002,0.0036000000000000003,-0.0993,0.054,-0.056,-0.145
1701528526.254,19.609,19.609,-19.609,-0.0014,0.0019,0.12340000000000001,0.084,0.031,-0.169
1701528526.294,19.609,19.609,-19.609,0.0009000000000000001,0.0009000000000000001,-0.1009,0.08700000000000001,0.041,-0.17500000000000002
1701528526.3339999,19.609,19.609,-19.609,0.0018000000000000002,0.0053,-0.0726,0.081,0.082,-0.20400000000000001
1701528526.374,19.609,19.609,-19.609,-0.0008,0.0021000000000000003,-0.0685,0.058,0.145,-0.20800000000000002
1701528526.414,19.609,19.609,-19.609,0.0004,0.0031000000000000003,-0.019200000000000002,0.01,0.11900000000000001,-0.179
1701528526.454,19.609,19.609,-19.609,0.0005,0.002,-0.0045000000000000005,0.058,0.108,-0.199
1701528526.494,19.609,19.609,-19.609,0.0006000000000000001,0.0018000000000000002,-0.0095,0.07200000000000001,0.128,-0.195
1701528526.534,19.609,19.609,-19.609,0.0017000000000000001,0.004200000000000001,-0.0034000000000000002,0.114,0.127,-0.214
1701528526.574,19.609,19.609,-19.609,0.0006000000000000001,0.002,-0.0021000000000000003,0.096,0.135,-0.214
1701528526.614,19.609,19.609,-19.609,-0.0034000000000000002,0.0019,-0.0178,0.098,0.193,-0.20600000000000002
1701528526.654,19.609,19.609,-19.609,-0.0004,0.0019,-0.0158,0.116,0.211,-0.223
1701528526.694,19.609,19.609,-19.609,0.0008,0.002,-0.0175,0.063,0.224,-0.194
1701528526.734,19.609,19.609,-19.609,0.0018000000000000002,0.004200000000000001,-0.0106,0.054,0.20700000000000002,-0.166
1701528526.774,19.609,19.609,-19.609,0.0002,0.0022,-0.0036000000000000003,0.046,0.14300000000000002,-0.145
1701528526.814,19.609,19.609,-19.609,0.002,0.0015,-0.007500000000000001,0.015,0.07100000000000001,-0.108
1701528526.854,19.609,19.609,-19.609,0.0009000000000000001,0.0027,-0.010100000000000001,-0.014,-0.028,-0.065
1701528526.894,19.609,19.609,-19.609,0.0023,0.0012000000000000001,-0.010400000000000001,-0.06,-0.137,-0.022
1701528526.934,19.609,19.609,-19.609,0.0045000000000000005,0.0028,-0.0001,-0.136,-0.271,0.021
1701528526.974,19.609,19.609,-19.609,-0.0012000000000000001,0.0018000000000000002,-0.0088,-0.18,-0.327,0.076
1701528527.014,19.609,19.609,-19.609,0.001,0.0006000000000000001,-0.0129,-0.232,-0.423,0.131
1701528527.054,19.609,19.609,-19.609,0.0017000000000000001,0.0039000000000000003,-0.0092,-0.228,-0.496,0.092
1701528527.094,19.609,19.609,-19.609,-0.0008,0.0038,-0.003,-0.251,-0.561,0.136
1701528527.134,19.609,19.609,-19.609,0.0033,0.0032,-0.0119,-0.281,-0.597,0.158
1701528527.174,19.609,19.609,-19.609,0.0045000000000000005,0.0019,-0.012400000000000001,-0.377,-0.631,0.10300000000000001
1701528527.214,19.609,19.609,-19.609,0.0,0.002,0.016,-0.487,-0.674,0.146
1701528527.254,19.609,19.609,-19.609,0.0031000000000000003,0.0036000000000000003,0.0025,-0.5740000000000001,-0.67,0.065
1701528527.294,19.609,19.609,-19.609,-0.0016,0.0034000000000000002,-0.010700000000000001,-0.517,-0.6970000000000001,-0.048
1701528527.334,19.609,19.609,-19.609,-0.0007,0.001,-0.0026000000000000003,-0.558,-0.755,-0.004
1701528527.374,19.609,19.609,-19.609,-0.0028,0.0036000000000000003,-0.0021000000000000003,-0.497,-0.711,-0.032
1701528527.414,19.609,19.609,-19.609,-0.001,0.0048000000000000004,-0.0056,-0.448,-0.867,-0.149
1701528527.454,19.609,19.609,-19.609,0.0017000000000000001,0.0031000000000000003,-0.0013000000000000002,-0.45,-0.98,-0.22
1701528527.494,19.609,19.609,-19.609,0.0,0.0054,-0.0134,-0.421,-0.968,-0.258
1701528527.534,19.609,19.609,-19.609,0.0013000000000000002,0.0032,-0.0039000000000000003,-0.45,-0.9,-0.295
1701528527.574,19.609,19.609,-19.609,0.0009000000000000001,0.0037,-0.0028,-0.377,-0.8190000000000001,-0.335
1701528527.6139998,19.609,19.609,-19.609,0.0,0.0029000000000000002,-0.0086,-0.376,-0.9590000000000001,-0.336
1701528527.654,19.609,19.609,-19.609,-0.0016,0.0017000000000000001,0.0057,-0.372,-1.072,-0.331
1701528527.694,19.609,19.609,-19.609,0.00030000000000000003,0.0036000000000000003,-0.0079,-0.268,-1.202,-0.425
1701528527.734,19.609,19.609,-19.609,0.0002,0.0036000000000000003,0.0008,-0.221,-1.052,-0.432
1701528527.774,19.609,19.609,-19.609,-0.0007,0.0033,0.0177,-0.078,-0.743,-0.544
1701528527.814,19.609,19.609,-19.609,-0.001,0.0025,-0.0048000000000000004,-0.167,-0.775,-0.40900000000000003
1701528527.8539999,19.609,19.609,-19.609,-0.0001,0.002,0.0006000000000000001,-0.12,-0.988,-0.388
1701528527.894,19.609,19.609,-19.609,0.0036000000000000003,0.0021000000000000003,-0.0021000000000000003,-0.03,-1.08,-0.306
1701528527.934,19.609,19.609,-19.609,0.0006000000000000001,0.0034000000000000002,0.0039000000000000003,-0.029,-1.112,-0.189
1701528527.974,19.609,19.609,-19.609,-0.0006000000000000001,0.0031000000000000003,0.0,-0.078,-1.104,-0.152
1701528528.014,19.609,19.609,-19.609,-0.0005,0.001,-0.0039000000000000003,-0.005,-1.072,-0.13
1701528528.054,19.609,19.609,-19.609,0.0,0.0026000000000000003,-0.0022,0.084,-1.025,-0.2
1701528528.0939999,19.609,19.609,-19.609,0.00030000000000000003,0.0053,-0.0028,0.196,-0.889,-0.322
1701528528.134,19.609,19.609,-19.609,-0.0018000000000000002,0.004200000000000001,-0.010400000000000001,0.199,-0.803,-0.375
1701528528.174,19.609,19.609,-19.609,0.0005,0.0002,0.0029000000000000002,0.162,-0.77,-0.302
1701528528.214,19.609,19.609,-19.609,-0.0012000000000000001,0.0011,-0.0053,0.178,-0.6950000000000001,-0.275
1701528528.254,19.609,19.609,-19.609,0.0013000000000000002,0.0027,-0.005,0.183,-0.687,-0.356
1701528528.294,19.609,19.609,-19.609,-0.00030000000000000003,0.0015,-0.0032,0.105,-0.5730000000000001,-0.309
1701528528.3339999,19.609,19.609,-19.609,-0.0031000000000000003,0.0015,0.2923,0.021,-0.537,-0.233
1701528528.374,19.609,19.609,-19.609,0.0009000000000000001,-0.0002,-0.0212,0.049,-0.502,-0.22
1701528528.414,19.609,19.609,-19.609,0.0001,0.0022,0.0896,0.066,-0.444,-0.271
1701528528.454,19.609,19.609,-19.609,-0.00030000000000000003,0.0018000000000000002,0.0034000000000000002,0.069,-0.445,-0.307
1701528528.494,19.609,19.609,-19.609,-0.0021000000000000003,0.0025,0.0031000000000000003,0.052000000000000005,-0.507,-0.34400000000000003
1701528528.534,19.609,19.609,-19.609,-0.0011,0.0001,-0.0108,0.151,-0.63,-0.373
1701528528.574,19.609,19.609,-19.609,0.0012000000000000001,0.0015,-0.016800000000000002,0.054,-0.758,-0.24
1701528528.614,19.609,19.609,-19.609,0.002,0.0018000000000000002,0.0679,0.186,-0.58,-0.223
1701528528.654,19.609,19.609,-19.609,-0.001,0.0041,0.0018000000000000002,0.354,-0.435,-0.245
1701528528.694,19.609,19.609,-19.609,0.0038,0.0025,-0.0068000000000000005,0.421,-0.451,-0.224
1701528528.734,19.609,19.609,-19.609,0.0006000000000000001,0.003,-0.0009000000000000001,0.457,-0.32,-0.232
1701528528.774,19.609,19.609,-19.609,-0.0006000000000000001,0.0012000000000000001,-0.0034000000000000002,0.424,-0.336,-0.197
1701528528.814,19.609,19.609,-19.609,0.0005,0.0028,-0.0239,0.483,-0.328,-0.23500000000000001
1701528528.854,19.609,19.609,-19.609,0.0009000000000000001,0.0009000000000000001,0.033100000000000004,0.607,-0.259,-0.323
1701528528.894,19.609,19.609,-19.609,-0.0006000000000000001,0.0023,-0.008,0.596,-0.221,-0.291
1701528528.934,19.609,19.609,-19.609,0.0,0.0021000000000000003,-0.0031000000000000003,0.47300000000000003,-0.07,-0.215
1701528528.974,19.609,19.609,-19.609,0.0006000000000000001,0.0046,0.0149,0.401,-0.116,-0.165
1701528529.014,19.609,19.609,-19.609,0.0009000000000000001,0.0044,0.013000000000000001,0.379,0.10300000000000001,-0.084
1701528529.054,19.609,19.609,-19.609,0.0008,0.0025,-0.0002,0.432,-0.096,-0.121
1701528529.094,19.609,19.609,-19.609,-0.0017000000000000001,0.0045000000000000005,-0.0126,0.386,-0.088,-0.13
1701528529.134,19.609,19.609,-19.609,0.0,0.00030000000000000003,0.012400000000000001,0.271,-0.069,-0.098
1701528529.174,19.609,19.609,-19.609,-0.0012000000000000001,0.0025,-0.0027,0.18,0.043000000000000003,-0.08
1701528529.214,19.609,19.609,-19.609,-0.0012000000000000001,0.0017000000000000001,-0.0022,0.168,0.107,-0.066
1701528529.254,19.609,19.609,-19.609,0.0006000000000000001,0.0027,-0.0039000000000000003,0.136,0.057,-0.088
1701528529.294,19.609,19.609,-19.609,-0.0001,0.0018000000000000002,0.0013000000000000002,0.084,0.02,-0.069
1701528529.334,19.609,19.609,-19.609,0.0022,0.0035,0.0014,0.055,0.112,-0.053
1701528529.374,19.609,19.609,-19.609,-0.0005,0.0027,-0.0022,0.024,0.16,-0.069
1701528529.414,19.609,19.609,-19.609,0.0014,0.0044,0.00030000000000000003,-0.043000000000000003,0.186,-0.056
1701528529.454,19.609,19.609,-19.609,-0.0001,0.0031000000000000003,0.0037,-0.111,0.096,-0.032
1701528529.494,19.609,19.609,-19.609,-0.0013000000000000002,0.0009000000000000001,-0.0048000000000000004,-0.153,0.05,-0.006
1701528529.534,19.609,19.609,-19.609,-0.0009000000000000001,0.0025,-0.0233,-0.12,0.094,-0.043000000000000003
1701528529.574,19.609,19.609,-19.609,0.0027,0.0017000000000000001,0.031,-0.136,0.096,-0.078
1701528529.6139998,19.609,19.609,-19.609,-0.0006000000000000001,0.0063,-0.0044,-0.176,0.135,-0.062
1701528529.654,19.609,19.609,-19.609,0.0001,0.0046,-0.0064,-0.221,0.014,0.018000000000000002
1701528529.694,19.609,19.609,-19.609,0.0026000000000000003,0.0039000000000000003,-0.0036000000000000003,-0.156,0.11,-0.019
1701528529.734,19.609,19.609,-19.609,-0.0013000000000000002,0.004200000000000001,-0.0012000000000000001,-0.131,0.19,-0.051000000000000004
1701528529.774,19.609,19.609,-19.609,0.0006000000000000001,0.0028,-0.0049,-0.14300000000000002,0.303,-0.031
1701528529.814,19.609,19.609,-19.609,0.0017000000000000001,0.0028,-0.0015,-0.23700000000000002,0.312,0.001
1701528529.8539999,19.609,19.609,-19.609,-0.0006000000000000001,0.0029000000000000002,0.0007,-0.229,0.17500000000000002,-0.006
1701528529.894,19.609,19.609,-19.609,0.0009000000000000001,0.002,-0.0049,-0.189,0.139,-0.07200000000000001
1701528529.934,19.609,19.609,-19.609,-0.0011,0.0012000000000000001,-0.007500000000000001,-0.17500000000000002,0.12,-0.10200000000000001
1701528529.974,19.609,19.609,-19.609,0.0026000000000000003,0.0026000000000000003,-0.0012000000000000001,-0.292,0.11800000000000001,-0.024
1701528530.014,19.609,19.609,-19.609,-0.0001,0.0021000000000000003,0.0012000000000000001,-0.396,0.10400000000000001,0.044
1701528530.054,19.609,19.609,-19.609,-0.001,0.0029000000000000002,-0.0145,-0.41300000000000003,0.038,0.166
1701528530.0939999,19.609,19.609,-19.609,0.001,0.0009000000000000001,0.021500000000000002,-0.28500000000000003,0.013000000000000001,0.064
1701528530.134,19.609,19.609,-19.609,-0.0004,0.0031000000000000003,-0.0045000000000000005,-0.29,0.026000000000000002,-0.012
1701528530.174,19.609,19.609,-19.609,0.0021000000000000003,0.0046,0.0006000000000000001,-0.316,-0.009000000000000001,0.011
1701528530.214,19.609,19.609,-19.609,-0.0014,0.0034000000000000002,-0.0021000000000000003,-0.249,0.027,0.019
1701528530.254,19.609,19.609,-19.609,0.0021000000000000003,0.0032,-0.0015,-0.093,-0.011,0.063
1701528530.294,19.609,19.609,-19.609,-0.0021000000000000003,0.0012000000000000001,-0.0183,0.097,-0.081,0.045
1701528530.3339999,19.609,19.609,-19.609,-0.0007,0.0012000000000000001,0.0219,0.1,-0.063,-0.006
1701528530.374,19.609,19.609,-19.609,0.0047,0.004200000000000001,-0.0018000000000000002,0.011,-0.165,-0.217
1701528530.414,19.609,19.609,-19.609,0.0019,0.004,-0.0045000000000000005,0.021,-0.225,-0.443
1701528530.454,19.609,19.609,-19.609,0.0025,0.0031000000000000003,0.0023,0.073,-0.082,-0.384
1701528530.494,19.609,19.609,-19.609,-0.0009000000000000001,0.002,-0.0056,0.179,0.063,-0.44
1701528530.534,19.609,19.609,-19.609,0.0056,0.0032,0.0014,0.23600000000000002,0.268,-0.336
1701528530.574,19.609,19.609,-19.609,0.0007,0.0033,0.0021000000000000003,0.3,0.136,-0.222
1701528530.614,19.609,19.609,-19.609,0.0012000000000000001,0.0029000000000000002,-0.0018000000000000002,0.28300000000000003,0.042,-0.337
1701528530.654,19.609,19.609,-19.609,-0.0006000000000000001,0.0034000000000000002,-0.009000000000000001,0.051000000000000004,-0.02,-0.299
1701528530.694,19.609,19.609,-19.609,0.0031000000000000003,0.0037,0.007200000000000001,0.037,-0.021,-0.251
1701528530.734,19.609,19.609,-19.609,0.0012000000000000001,0.004,0.0061,0.042,-0.031,-0.295
1701528530.774,19.609,19.609,-19.609,0.0023,0.0043,-0.0029000000000000002,-0.027,-0.042,-0.2
1701528530.814,19.609,19.609,-19.609,-0.0021000000000000003,0.0046,0.0082,-0.034,-0.067,-0.192
1701528530.854,19.609,19.609,-19.609,0.0005,0.0037,-0.0067,-0.004,-0.043000000000000003,-0.229
1701528530.894,19.609,19.609,-19.609,-0.0001,0.0038,-0.004,-0.023,-0.091,-0.247
1701528530.934,19.609,19.609,-19.609,0.0017000000000000001,0.0039000000000000003,-0.002,-0.057,-0.105,-0.217
1701528530.974,19.609,19.609,-19.609,0.0007,0.0016,0.0028,-0.07100000000000001,-0.153,-0.096
1701528531.014,19.609,19.609,-19.609,0.0022,0.0037,-0.0216,-0.019,-0.057,-0.115
1701528531.054,19.609,19.609,-19.609,0.0024000000000000002,0.0012000000000000001,0.0252,-0.108,-0.022,-0.097
1701528531.094,19.609,19.609,-19.609,0.0006000000000000001,0.0033,-0.0056,-0.171,0.065,-0.08600000000000001
1701528531.134,19.609,19.609,-19.609,-0.00030000000000000003,0.0022,-0.0081,-0.16,0.154,-0.114
1701528531.174,19.609,19.609,-19.609,-0.0017000000000000001,0.0009000000000000001,0.0097,-0.059000000000000004,0.177,-0.146
1701528531.214,19.609,19.609,-19.609,0.0013000000000000002,0.0018000000000000002,-0.0051,0.017,0.148,-0.198
1701528531.254,19.609,19.609,-19.609,0.0007,0.0026000000000000003,0.0014,-0.065,0.094,-0.068
1701528531.294,19.609,19.609,-19.609,0.001,0.002,-0.0006000000000000001,-0.057,0.11,-0.089
1701528531.334,19.609,19.609,-19.609,0.0007,0.0021000000000000003,-0.002,-0.084,-0.004,-0.077
1701528531.374,19.609,19.609,-19.609,0.0016,0.0039000000000000003,-0.0175,-0.091,-0.058,0.029
1701528531.414,19.609,19.609,-19.609,-0.001,0.0029000000000000002,0.0233,-0.017,-0.01,0.011
1701528531.454,19.609,19.609,-19.609,0.0006000000000000001,0.0026000000000000003,-0.018000000000000002,-0.064,-0.131,0.035
1701528531.494,19.609,19.609,-19.609,0.0021000000000000003,0.0004,-0.0123,-0.007,-0.037,0.017
1701528531.534,19.609,19.609,-19.609,0.00030000000000000003,0.0032,-0.0044,0.04,-0.041,-0.077
1701528531.574,19.609,19.609,-19.609,0.0004,0.0023,0.011600000000000001,0.031,-0.041,-0.018000000000000002
1701528531.6139998,19.609,19.609,-19.609,-0.002,0.0045000000000000005,0.006,0.083,0.005,-0.008
1701528531.654,19.609,19.609,-19.609,0.0034000000000000002,0.0006000000000000001,-0.00030000000000000003,-0.011,-0.037,0.0
1701528531.694,19.609,19.609,-19.609,0.0015,0.0016,0.0006000000000000001,-0.025,-0.038,-0.046
1701528531.734,19.609,19.609,-19.609,0.0015,0.0045000000000000005,-0.014700000000000001,-0.093,0.004,0.0
1701528531.774,19.609,19.609,-19.609,0.0026000000000000003,0.0026000000000000003,-0.0066,-0.10300000000000001,0.024,0.018000000000000002
1701528531.814,19.609,19.609,-19.609,-0.0002,0.0023,-0.025500000000000002,-0.07200000000000001,-0.026000000000000002,0.005
1701528531.8539999,19.609,19.609,-19.609,-0.0012000000000000001,0.0022,0.0461,-0.138,-0.112,0.022
1701528531.894,19.609,19.609,-19.609,0.0008,0.004,-0.0106,-0.318,0.061,0.076
1701528531.934,19.609,19.609,-19.609,-0.0009000000000000001,0.0056,0.0009000000000000001,-0.458,0.156,0.095
1701528531.974,19.609,19.609,-19.609,0.002,0.0023,0.001,-0.456,0.114,0.08
1701528532.014,19.609,19.609,-19.609,-0.0001,0.0039000000000000003,-0.0027,-0.503,0.08,0.109
1701528532.054,19.609,19.609,-19.609,0.0019,0.0033,0.0,-0.458,0.19,0.024
1701528532.0939999,19.609,19.609,-19.609,0.0007,0.0004,-0.0145,-0.5720000000000001,0.197,0.046
1701528532.134,19.609,19.609,-19.609,-0.0008,0.0035,-0.0039000000000000003,-0.621,0.196,0.088
1701528532.174,19.609,19.609,-19.609,-0.0002,0.0036000000000000003,-0.0009000000000000001,-0.541,0.185,0.08600000000000001
1701528532.214,19.609,19.609,-19.609,-0.0017000000000000001,0.0043,-0.0187,-0.561,0.117,0.011
1701528532.254,19.609,19.609,-19.609,-0.0019,0.0014,0.031,-0.633,0.177,0.088
1701528532.294,19.609,19.609,-19.609,-0.0012000000000000001,0.0031000000000000003,-0.0036000000000000003,-0.835,0.1,0.23500000000000001
1701528532.3339999,19.609,19.609,-19.609,0.0012000000000000001,0.0039000000000000003,-0.0032,-0.868,0.17,0.355
1701528532.374,19.609,19.609,-19.609,-0.0029000000000000002,0.0,-0.008700000000000001,-0.773,0.294,0.41500000000000004
1701528532.414,19.609,19.609,-19.609,0.0021000000000000003,0.002,-0.0068000000000000005,-0.776,0.109,0.276
1701528532.454,19.609,19.609,-19.609,-0.0014,0.0022,0.022000000000000002,-0.9490000000000001,-0.005,0.28800000000000003
1701528532.494,19.609,19.609,-19.609,-0.002,0.0009000000000000001,-0.0043,-0.977,-0.064,0.134
1701528532.534,19.609,19.609,-19.609,0.0,0.0031000000000000003,-0.0179,-1.0130000000000001,-0.06,0.124
1701528532.574,19.609,19.609,-19.609,0.0014,0.002,-0.0007,-1.05,-0.056,0.17500000000000002
1701528532.614,19.609,19.609,-19.609,0.0009000000000000001,0.0031000000000000003,-0.022600000000000002,-0.9520000000000001,-0.023,0.045
1701528532.654,19.609,19.609,-19.609,0.0012000000000000001,0.0017000000000000001,0.033600000000000005,-0.8230000000000001,-0.115,0.054
1701528532.694,19.609,19.609,-19.609,0.0018000000000000002,0.0051,-0.0091,-0.629,-0.146,-0.025
1701528532.734,19.609,19.609,-19.609,0.0019,0.0037,-0.0045000000000000005,-0.447,-0.178,-0.037
1701528532.774,19.609,19.609,-19.609,-0.00030000000000000003,0.0031000000000000003,-0.0043,-0.181,-0.352,-0.091
1701528532.814,19.609,19.609,-19.609,0.00030000000000000003,0.0007,0.0007,-0.029,-0.36,-0.07
1701528532.854,19.609,19.609,-19.609,-0.0006000000000000001,0.0036000000000000003,-0.0023,0.155,-0.233,-0.073
1701528532.894,19.609,19.609,-19.609,-0.0015,0.0014,-0.008400000000000001,0.263,-0.14200000000000002,-0.161
1701528532.934,19.609,19.609,-19.609,0.0006000000000000001,-0.0001,-0.0059,0.356,-0.028,-0.209
1701528532.974,19.609,19.609,-19.609,0.0006000000000000001,0.0046,-0.0009000000000000001,0.354,0.092,-0.171
1701528533.014,19.609,19.609,-19.609,0.0012000000000000001,0.0034000000000000002,0.0048000000000000004,0.23600000000000002,0.117,-0.074
1701528533.054,19.609,19.609,-19.609,0.0015,0.0045000000000000005,-0.0048000000000000004,0.171,0.039,-0.067
1701528533.094,19.609,19.609,-19.609,0.0011,0.0,0.003,0.137,-0.16,-0.084
1701528533.134,19.609,19.609,-19.609,0.001,0.002,-0.013600000000000001,0.182,-0.296,-0.096
1701528533.174,19.609,19.609,-19.609,0.0015,0.0021000000000000003,0.0302,0.267,-0.248,-0.078
1701528533.214,19.609,19.609,-19.609,0.0015,0.0018000000000000002,-0.0045000000000000005,0.305,-0.17400000000000002,-0.084
1701528533.254,19.609,19.609,-19.609,0.0017000000000000001,0.0028,-0.0032,0.41200000000000003,-0.089,-0.202
1701528533.294,19.609,19.609,-19.609,0.0017000000000000001,0.0023,-0.0013000000000000002,0.463,-0.07100000000000001,-0.241
1701528533.334,19.609,19.609,-19.609,0.005200000000000001,0.0045000000000000005,-0.0154,0.439,-0.056,-0.225
1701528533.374,19.609,19.609,-19.609,0.001,0.003,0.0014,0.446,-0.014,-0.325
1701528533.414,19.609,19.609,-19.609,0.0009000000000000001,0.0012000000000000001,-0.0046,0.447,0.041,-0.398
1701528533.454,19.609,19.609,-19.609,0.0004,0.0018000000000000002,0.0014,0.46,0.048,-0.41600000000000004
1701528533.494,19.609,19.609,-19.609,0.0013000000000000002,0.0029000000000000002,0.002,0.496,0.001,-0.468
1701528533.534,19.609,19.609,-19.609,-0.0008,0.0035,-0.0217,0.384,-0.01,-0.388
1701528533.574,19.609,19.609,-19.609,-0.001,0.0035,0.028,0.333,-0.066,-0.326
1701528533.6139998,19.609,19.609,-19.609,0.0014,0.004,-0.0017000000000000001,0.35000000000000003,-0.025,-0.28400000000000003
1701528533.654,19.609,19.609,-19.609,0.002,0.0025,-0.0064,0.341,0.111,-0.233
1701528533.694,19.609,19.609,-19.609,-0.0008,0.0049,0.0015,0.383,0.054,-0.214
1701528533.734,19.609,19.609,-19.609,0.0,0.0025,0.0027,0.312,0.063,-0.27
1701528533.774,19.609,19.609,-19.609,0.0029000000000000002,0.0021000000000000003,-0.020800000000000003,0.233,0.019,-0.222
1701528533.814,19.609,19.609,-19.609,0.0001,0.0054,0.0012000000000000001,0.244,-0.058,-0.199
1701528533.8539999,19.609,19.609,-19.609,-0.00030000000000000003,0.0013000000000000002,-0.006500000000000001,0.28500000000000003,-0.186,-0.277
1701528533.894,19.609,19.609,-19.609,0.001,0.0021000000000000003,0.005200000000000001,0.32,-0.246,-0.248
1701528533.934,19.609,19.609,-19.609,0.0019,0.0039000000000000003,-0.008400000000000001,0.335,-0.229,-0.209
1701528533.974,19.609,19.609,-19.609,-0.0059,0.0032,0.0146,0.332,-0.214,-0.184
1701528534.014,19.609,19.609,-19.609,0.0004,0.0051,0.005,0.368,-0.183,-0.166
1701528534.054,19.609,19.609,-19.609,-0.0017000000000000001,0.0021000000000000003,-0.0013000000000000002,0.439,-0.219,-0.212
1701528534.0939999,19.609,19.609,-19.609,0.0016,0.0028,-0.028,0.465,-0.246,-0.243
1701528534.134,19.609,19.609,-19.609,-0.0006000000000000001,0.0036000000000000003,0.0391,0.44,-0.213,-0.20500000000000002
1701528534.174,19.609,19.609,-19.609,-0.0002,0.0022,-0.0044,0.40700000000000003,-0.218,-0.152
1701528534.214,19.609,19.609,-19.609,0.0036000000000000003,0.0028,-0.0227,0.389,-0.222,-0.105
1701528534.254,19.609,19.609,-19.609,0.0014,0.004200000000000001,0.009000000000000001,0.34800000000000003,-0.192,-0.025
1701528534.294,19.609,19.609,-19.609,-0.0029000000000000002,0.0015,-0.0025,0.35100000000000003,-0.212,-0.041
1701528534.3339999,19.609,19.609,-19.609,0.0002,0.0029000000000000002,-0.0067,0.27,-0.242,0.035
1701528534.374,19.609,19.609,-19.609,0.0009000000000000001,0.0024000000000000002,-0.004200000000000001,0.273,-0.184,0.031
1701528534.414,19.609,19.609,-19.609,0.0012000000000000001,0.0015,0.002,0.229,-0.14100000000000001,0.023
1701528534.454,19.609,19.609,-19.609,-0.0012000000000000001,0.0039000000000000003,-0.014700000000000001,0.128,-0.139,0.02
1701528534.494,19.609,19.609,-19.609,0.002,0.0017000000000000001,0.0119,0.08700000000000001,-0.088,-0.02
1701528534.534,19.609,19.609,-19.609,-0.0015,0.0028,-0.0014,0.0,-0.051000000000000004,0.036000000000000004
1701528534.574,19.609,19.609,-19.609,0.0006000000000000001,0.0023,-0.0026000000000000003,-0.10300000000000001,-0.092,0.053
1701528534.614,19.609,19.609,-19.609,0.0012000000000000001,0.002,-0.006200000000000001,-0.164,-0.182,0.049
1701528534.654,19.609,19.609,-19.609,-0.0007,0.0027,0.0086,-0.223,-0.333,0.05
1701528534.694,19.609,19.609,-19.609,-0.0023,0.0045000000000000005,0.0,-0.267,-0.375,0.051000000000000004
1701528534.734,19.609,19.609,-19.609,0.0017000000000000001,-0.0009000000000000001,0.0054,-0.324,-0.394,0.06
1701528534.774,19.609,19.609,-19.609,0.0014,0.006,-0.0004,-0.35100000000000003,-0.352,0.161
1701528534.814,19.609,19.609,-19.609,0.0051,0.0019,-0.0128,-0.356,-0.278,0.08
1701528534.854,19.609,19.609,-19.609,0.0011,0.001,0.0041,-0.455,-0.188,0.045
1701528534.894,19.609,19.609,-19.609,0.0,-0.0004,0.007500000000000001,-0.56,-0.14400000000000002,0.075
1701528534.934,19.609,19.609,-19.609,0.0013000000000000002,0.0023,-0.0039000000000000003,-0.612,-0.068,0.135
1701528534.974,19.609,19.609,-19.609,0.0002,0.001,0.0059,-0.618,-0.154,0.14400000000000002
